org_pac_id,org_name,n_mddo,state,is_kaiser,ratio_fnb,ratio_non
0042105678,HERITAGE VALLEY MULTISPECIALTY GROUP INC,104,PA,false,1.1788,1.4901
0042119661,"LOUDOUN MEDICAL GROUP, PC",100,VA,false,1.2106,1.3131
0042122244,"NORTHBAY PHYSICIANS SURGERY CENTER, LLC",129,CA,false,1.1235,1.077
0042123028,NORTH MEMORIAL HEALTH CARE,189,MN,false,1.0112,1.1209
0042128548,UNIVERSITY OF TEXAS HEALTH SCIENCE CENTER AT SAN ANTONIO,566,TX,false,0.9536,0.9908
0042307852,SOUTHEASTERN PHYSICIAN SERVICES PC,273,TN,false,1.0993,0.6861
0042448169,UWH OF THE CAROLINAS PLLC,213,NC,false,1.1112,1.2226
0042569758,AMERICAN ONCOLOGY PARTNERS PA,135,IN,false,1.0498,1.1091
0143113878,FLORIDA EMERGENCY PHYSICIANS KANG AND ASSOCIATES MD LLC,190,FL,false,1.4838,2.4987
0143378117,CAROLINAEAST PHYSICIANS,103,NC,false,1.1025,0.9662
0143608372,SSM HEALTH CARE GROUP,397,MO,false,0.9796,1.1307
0244133494,MASS GENERAL BRIGHAM MEDICAL GROUP SUBURBAN MASSACHUSETTS INC,206,MA,false,0.6711,0.5624
0244134021,WINCHESTER MEDICAL CENTER,122,VA,false,1.1449,1.1504
0244135762,"ADVENTIST HEALTH PARTNERS, INC.",148,IL,false,1.192,0.964
0244136067,"W. A. FOOTE MEMORIAL HOSPITAL, INC.",132,MI,false,0.9774,1.0664
0244136448,LOUISIANA STATE UNIVERSITY SCHOOL OF MEDICINE IN NEW ORLEANS FACULTY G,204,LA,false,1.0804,1.1105
0244138196,SWEDISH HEALTH SERVICES,450,WA,false,1.0348,1.1195
0244143246,EAST CAROLINA UNIVERSITY,172,NC,false,0.9899,0.9647
0244144004,LEGACY CLINICS LLC,289,OR,false,0.9859,0.9685
0244148633,BRONSON METHODIST HOSPITAL,319,MI,false,1.1441,0.9558
0244149474,ROCHESTER GENERAL HOSPITAL,430,NY,false,0.9476,0.9668
0244232874,OXFORD PHYSICAL THERAPY AND REHABILITATION,179,OH,false,1.0772,1.1632
0244314102,"THE CHRIST HOSPITAL MEDICAL ASSOCIATES, LLC",143,OH,false,1.0705,0.911
0244380434,PUBLIC HEALTH TRUST OF MIAMI DADE COUNTY FLORIDA,110,FL,false,1.1266,1.1808
0244413391,AFFINITY PHYSICIANS LLC.,290,RI,false,0.9642,0.984
0345136412,BEACON ORTHOPAEDICS AND SPORTS MEDICINE LTD,114,OH,false,0.9991,1.1251
0345139929,PROVIDENCE HEALTH AND SERVICES WASHINGTON,324,WA,false,1.1566,1.0933
0345146254,FLORIDA CLINICAL PRACTICE ASSOCIATION INC,744,FL,false,0.8353,0.9906
0345152443,MAYO CLINIC HEALTH SYSTEM-SOUTHWEST WISCONSIN REGION INC,191,WI,false,0.8876,0.8306
0345157103,AVERA MCKENNAN,328,SD,false,0.9774,1.0935
0345321691,"PIEDMONT CARDIOLOGY OF ATLANTA, LLC",173,GA,false,1.0438,1.1702
0345343893,VIDANT MEDICAL GROUP LLC,417,NC,false,1.1492,1.0298
0345406294,COMMUNITY FOUNDATION MEDICAL GROUP,129,CA,false,1.2608,1.361
0345413258,MICHIGAN HEALTHCARE PROFESSIONALS PC,305,MI,false,1.1488,1.2056
0345588711,TEMPLE FACULTY PRACTICE PLAN INC,680,PA,false,0.9214,0.9893
0446154231,HARBIN CLINIC LLC,106,GA,false,1.0406,0.9017
0446157747,USC CARE MEDICAL GROUP INC,543,CA,false,1.1253,1.2314
0446162697,THE ASSOCIATION OF UNIVERSITY PHYSICIANS,1482,WA,false,0.7871,1.0367
0446163760,ADMINISTRATORS OF THE TULANE EDUCATIONAL FUND,242,LA,false,0.9666,1.1752
0446169114,CEDARS-SINAI MEDICAL CENTER,237,CA,false,1.0612,1.4067
0446337802,LSUHN BILLING LLC,105,LA,false,1.0224,0.9978
0547157224,ORTHOVIRGINIA INC,136,VA,false,1.0726,1.0784
0547164295,BEAVER MEDICAL GROUP P C,127,CA,false,1.1245,0.6727
0547166076,"SPRINGFIELD CLINIC, LLP",282,IL,false,1.0061,0.9527
0547173866,FRANCISCAN MEDICAL GROUP,613,WA,false,1.0621,1.1319
0547178311,HENRY FORD HEALTH SYSTEM,1123,MI,false,0.8895,0.9513
0547413825,MEDSTAR MEDICAL GROUP II LLC,1383,MD,false,0.9943,0.9694
0547579427,KINGS PHYSICIAN SERVICES PC,232,NY,false,1.0499,0.8926
0648172809,"BARNABAS HEALTH MEDICAL GROUP, PC",101,NJ,false,1.1696,1.2119
0648177733,BAPTIST PRIMARY CARE INC,303,FL,false,1.1337,1.1721
0648177873,MERCY HEALTH NORTHWEST ARKANSAS COMMUNITIES,160,AR,false,1.0997,1.0143
0648180406,HENRY FORD SEMI MEDICAL GROUP,129,MI,false,1.0768,0.9902
0648181156,UNIVERSITY OF NORTH CAROLINA AT CHAPEL HILL,809,NC,false,0.8198,1.0035
0648183608,PROVIDENCE HEALTH AND SERVICES OREGON,713,OR,false,0.8826,0.8057
0648188250,UNIVERSITY OF TEXAS SOUTHWESTERN MEDICAL CENTER AT DALLAS,1359,TX,false,0.8789,0.9241
0648255034,OWENSBORO HEALTH MEDICAL GROUP INC,203,KY,false,1.0723,1.0495
0648271155,FLORIDA MEDICAL ASSOCIATES LLC,125,FL,false,1.0698,0.243
0648465039,CITY MEDICAL OF UPPER EAST SIDE PLLC,336,NY,false,0.7959,0.9659
0648631192,OHI WEST MEDICAL GROUP II LLC,205,FL,false,1.0592,1.2398
0749171957,SOUTHCOAST PHYSICIANS GROUP INC,331,MA,false,1.0333,0.9591
0749180198,CLINICAL HEALTH CARE ASSOCIATES OF NEW JERSEY PC,276,NJ,false,0.9781,0.9419
0749186153,FLORIDA HOSPITAL MEDICAL GROUP INC,593,FL,false,1.0485,1.0795
0749188894,EMERGEORTHO PA,152,NC,false,1.0267,1.1355
0749193662,ENT AND ALLERGY ASSOCIATES LLP,259,NY,false,1.0606,1.0844
0749222651,TRIHEALTH G LLC,159,OH,false,1.2275,0.9838
0749699346,RWJBH PRIMARY CARE SERVICES,176,NJ,false,1.1829,1.0812
0840103727,SHANNON CLINIC,202,TX,false,0.9756,0.9133
0840104253,SPORTS AND ORTHOPEDIC REHABILITATION SERVICES INC,139,FL,false,1.021,1.0674
0840104360,ALLIANCE PHYSICIANS INC,153,OH,false,0.6339,0.3034
0840107835,APPALACHIAN REGIONAL HEALTHCARE INC,125,KY,false,1.102,0.9797
0840289468,TRAVIS COUNTY EMERGENCY PHYSICIANS PA,167,TX,false,1.1752,1.1891
0840291944,NORTH ATLANTA PROFESSIONAL SERVICES LLC,240,GA,false,0.9322,0.3456
0840513552,INTERMOUNTAIN MEDICAL GROUP DENVER LLC,250,CO,false,1.0685,1.0679
0840548624,PROVIDENCE SAINT JOHNS MEDICAL FOUNDATION,169,CA,false,1.3202,1.2094
0941103683,LANCASTER GENERAL MEDICAL GROUP,240,PA,false,0.8316,0.7778
0941106645,CEDARS-SINAI MEDICAL CARE FOUNDATION,772,CA,false,1.0936,1.1348
0941110886,PORTERCARE ADVENTIST HEALTH SYSTEM,367,CO,false,1.1114,1.0912
0941112346,"SINAI HOSPITAL OF BALTIMORE, INC",153,MD,false,1.2723,1.1626
0941113567,TRINITY HEALTH OF NEW ENGLAND PROVIDER NETWORK ORGANIZATION INC,243,CT,false,1.1513,1.1041
0941333280,SETON FAMILY OF DOCTORS,385,TX,false,0.9859,0.9657
0941377360,POLINSKY MEDICAL REHABILITATION CENTER,127,MN,false,0.8576,1.0791
0941525273,UNIVERSITY OF UTAH ADULT SERVICES,751,UT,false,0.9125,1.0476
0941612840,"RWJBH EMERGENCY MEDICINE ASSOCIATES, LLC",403,NJ,false,1.274,1.0051
1052217478,ST LUKES CLINIC LLC,118,ID,false,1.0378,0.8284
1052224565,WEST VIRGINIA UNIVERSITY MEDICAL CORPORATION,719,WV,false,0.9342,1.1014
1052225042,"INFINITE HEALTH COLLABORATIVE, PA",172,MN,false,1.1361,0.8815
1153216411,MEDICAL FOUNDATION OF CENTRAL MISSISSIPPI INC,130,MS,false,1.0432,0.9448
1153227814,FACULTY PHYSICIANS AND SURGEONS OF LLUSM,602,CA,false,1.0808,1.1599
1153234893,"NOVANT HEALTH MEDICAL GROUP, LLC",1035,NC,false,1.0918,0.9529
1153235296,BENEFIS HOSPITALS INC,153,MT,false,1.1554,0.9679
1153235825,UNIVERSITY HEALTH PHYSICIANS,212,MO,false,0.8574,0.7508
1153456579,ADENA MEDICAL GROUP LLC,138,OH,false,1.0864,1.2384
1153468921,MERCY CLINIC OKLAHOMA COMMUNITIES,337,OK,false,1.1093,1.1076
1153573902,HARTFORD HEALTHCARE MEDICAL GROUP INC,124,CT,false,1.038,0.475
1153780226,ERLANGER HEALTH,202,TN,false,1.1232,1.0547
1254233836,NORTHEAST MEDICAL GROUP INC,597,CT,false,0.7563,0.7767
1254238090,HALIFAX HEALTHCARE SYSTEMS INC,150,FL,false,1.1943,0.8834
1254238454,COLORADO PERMANENTE MEDICAL GROUP PC,811,CO,true,0.556,0.422
1254240039,LANCASTER GENERAL HOSPITAL,150,PA,false,0.9483,0.8079
1254243306,BEACON MEDICAL GROUP INC,259,IN,false,1.0459,1.3399
1254244239,MCFARLAND CLINIC PC,142,IA,false,0.9509,1.0472
1254244973,COUNTY OF SANTA CLARA,505,CA,false,0.7927,0.7361
1254245715,MAINEGENERAL MEDICAL CENTER,212,ME,false,1.0458,1.0551
1254248917,LESTER E COX MEDICAL CENTERS,135,MO,false,1.007,1.0109
1254317001,"BATON ROUGE CLINIC, A MEDICAL CORPORATION",137,LA,false,0.9918,0.8409
1355232422,NEW YORK UNIVERSITY,2379,NY,false,1.0373,1.0476
1355240177,SMH PHYSICIAN SERVICES INC,240,FL,false,0.9858,0.9431
1355246950,PROHEALTH PHYSICIANS PC,108,CT,false,0.5456,0.4063
1355248584,THE REGENTS OF THE UNIVERSITY OF CALIFORNIA,1179,CA,false,0.8933,0.9877
1355251604,ALTRU HEALTH SYSTEM,192,ND,false,0.9294,0.9365
1355254210,HEALTHTEXAS PROVIDER NETWORK,1297,TX,false,1.0819,0.9607
1355302134,TORRANCE HEALTH ASSOCIATION INC,209,CA,false,1.3058,1.0775
1355512252,MEDICAL ASSOCIATES OF ENGLEWOOD PC,361,NJ,false,1.0953,1.2314
1355667056,MEDSTAR MEDICAL GROUP - SOUTHERN MARYLAND LLC,110,MD,false,1.1273,0.8234
1355792276,KOOTENAI HEALTH INC,180,ID,false,0.981,1.0271
1456243641,NORTH SHORE HEMATOLOGY ONCOLOGY ASSOCIATES PC,206,NY,false,1.1444,1.066
1456258979,WATSON CLINIC LLP,121,FL,false,0.9719,1.0048
1456265362,SOUTHEAST ALASKA REGIONAL HEALTH CONSORTIUM,108,AK,false,0.7754,0.6665
1456592351,SVMHS CLINICS,124,CA,false,1.2183,1.1869
1557269354,SAINT THOMAS MEDICAL PARTNERS,250,TN,false,1.0039,1.0145
1557270725,GOOD SAMARITAN HOSPITAL CORVALLIS,173,OR,false,1.2076,1.1913
1557274057,"HONORHEALTH MEDICAL GROUP, LLC",223,AZ,false,0.88,0.7191
1557391596,YAKIMA VALLEY MEMORIAL PHYSICIANS,118,WA,false,1.0957,1.1669
1557722410,ADVENTHEALTH PRIMARY CARE NETWORK INC,143,FL,false,1.0322,0.7741
1658280748,CITY AND COUNTY OF SAN FRANCISCO,124,CA,false,0.4975,0.3297
1658289624,AGNESIAN HEALTHCARE INC,133,WI,false,1.139,1.2034
1658364740,"BAYHEALTH MEDICAL CENTER, INC",142,DE,false,1.0642,0.8066
1658427042,LAKELAND MEDICAL PRACTICES,133,MI,false,1.0189,1.0136
1658468442,NUVANCE HEALTH MEDICAL PRACTICE PC,218,NY,false,1.0369,0.7717
1759276975,GREATER BALTIMORE MEDICAL CENTER INC,182,MD,false,0.9446,0.9745
1759290992,CORA HEALTH SERVICES INC,580,FL,false,1.0407,1.0662
1759293111,ALBANY MEDICAL COLLEGE,347,NY,false,1.0372,1.1933
1759293954,GROUP HEALTH PLAN INC,749,MN,false,0.7774,0.7721
1759294887,"THEDACARE, INCORPORATED",230,WI,false,0.9669,0.8999
1759295512,VIA AFFILIATES,101,PA,false,1.1144,1.2046
1759416662,COMMUNITY PHYSICIANS OF INDIANA INC,651,IN,false,1.0724,0.9281
1759439631,LAWRENCE MEDICAL ASSOCIATES PC,106,NY,false,1.0189,0.5961
1850203555,CLEVELAND CLINIC,2678,OH,false,0.9758,0.9701
1850204041,CUMBERLAND COUNTY HOSPITAL SYSTEM INC,189,NC,false,1.2031,0.9056
1850204363,ACS PRIMARY CARE PHYSICIANS SOUTHWEST PA,103,TX,false,0.8968,0.2849
1850209420,IHC HEALTH SERVICES INC,1642,UT,false,0.9109,0.8254
1850282914,OAKWOOD AMBULATORY LLC,254,MI,false,0.8725,0.4486
1850293036,STATE OF MISSISSIPPI-UNIVERSITY OF MISSISSIPPI MEDICAL CENTER,316,MS,false,1.0656,1.1158
1850296534,COUNTY OF LOS ANGELES,194,CA,false,0.923,0.7768
1850298365,HOLY CROSS HOSPITAL INC,144,FL,false,1.0811,1.0556
1850570458,TRIHEALTH H LLC,436,OH,false,1.0878,1.0662
1850689894,CAPITAL HEALTH MULTISPECIALTY GROUP,112,NJ,false,1.2282,0.4681
1850779976,BON SECOURS MEDICAL GROUP GREENVILLE SPECIALTY CARE LLC,151,SC,false,1.0183,1.0141
1951210418,ALEGENT CREIGHTON CLINIC,451,NE,false,1.1063,1.0949
1951213057,FAIRVIEW HEALTH SERVICES,285,MN,false,0.7145,0.4895
1951213107,"UNIVERSITY OF ALABAMA HEALTH SERVICES FOUNDATION, PC",896,AL,false,0.9197,1.0634
1951213115,WELLSPAN MEDICAL GROUP,899,PA,false,0.8972,0.8719
1951215201,MAIN LINE HEALTHCARE,586,PA,false,1.0637,0.9386
1951215243,ANMED HEALTH,163,SC,false,1.066,1.2072
1951299163,PIEDMONT HOSPITALIST PHYSICIANS LLC,217,GA,false,1.0809,0.5309
1951324318,COMMUNITY CARE SERVICES LLC,229,NV,false,0.9197,1.0151
1951623834,LAWRENCE PHYSICIANS LLC,106,KS,false,1.0095,0.7554
1951707884,MERCY HEALTH PHYSICIANS NORTH SPECIALTY CARE LLC,158,OH,false,1.0931,1.1432
1951828847,NORTH CAROLINA MG LLC,257,NC,false,0.9717,1.0713
2062314826,YUMA REGIONAL MEDICAL CENTER,132,AZ,false,1.0804,0.9799
2062315161,EASTERN MAINE MEDICAL CENTER,233,ME,false,0.9769,1.0077
2062318975,UPMC COMMUNITY MEDICINE INC,349,PA,false,0.9152,0.7588
2062773138,BHSM REHABILITATION LLC,131,AZ,false,1.0015,1.0309
2163326240,SUMMIT MEDICAL GROUP INC,438,KY,false,1.0642,1.058
2163328196,THE POLYCLINIC PLLC,131,WA,false,0.848,0.6498
2163331414,GUNDERSEN LUTHERAN MEDICAL CENTER INC,315,WI,false,0.7623,0.7532
2163334699,ENDEAVOR HEALTH MEDICAL GROUP,1550,IL,false,1.0203,0.9649
2163335878,CMC DEPARTMENT OF MEDICINE GROUP PA,259,NJ,false,1.0501,0.9533
2163336967,PARKVIEW HEALTH SYSTEM INC,529,IN,false,1.0845,0.9317
2163339722,LEGACY HEALTHCARE SERVICES INC,1221,NC,false,1.0094,1.0768
2264323633,MYMICHIGAN MEDICAL CENTER MIDLAND,153,MI,false,0.944,0.9203
2264336460,SUSQUEHANNA PHYSICIAN SERVICES,169,PA,false,0.9923,0.8282
2264336528,LAHEY CLINIC INC,601,MA,false,0.8524,0.9604
2264337021,H LEE MOFFITT CANCER CTR AND RES INST LIFE TIME CANCER SCRN CTR INC,284,FL,false,0.975,1.1287
2264344480,UNIVERSITY OF CINCINNATI PHYSICIANS COMPANY LLC,682,OH,false,0.9059,0.94
2264691070,ICAHN SCHOOL OF MEDICINE AT MOUNT SINAI,1712,NY,false,0.963,1.0296
2365348190,PROMEDICA CENTRAL PHYSICIANS,209,OH,false,1.1083,1.1207
2365352820,SIU PHYSICIANS AND SURGEONS INC,170,IL,false,0.893,1.033
2365359932,POWERBACK REHABILITATION LLC,154,MI,false,1.0468,1.1304
2365408465,INTEGRIS AMBULATORY CARE CORPORATION,367,OK,false,1.0632,1.0827
2365440567,"GASTRO HEALTH, LLC",136,FL,false,1.0294,1.1643
2365679057,FLORIDA HOSPITAL PHYSICIAN GROUP INC,362,FL,false,1.0967,1.064
2365697398,"GEORGETOWN PHYSICIAN ASSOCIATES, LLC",111,SC,false,1.086,1.0358
2365735008,ADVANTAGECARE PHYSICIANS PC,186,NY,false,0.812,0.5676
2365807633,HOSPITAL MEDICINE SERVICES OF TN LLC,155,TN,false,1.1576,0.5964
2365968351,MCLAREN HOSPITAL GROUP,160,MI,false,1.1922,1.2244
2466346291,"STATE OF FRANKLIN HEALTHCARE ASSOCIATES, PLLC",105,TN,false,1.0404,0.9958
2466350657,PACMED CLINICS,114,WA,false,0.9124,0.5367
2466351093,INOVA HEALTH CARE SERVICES,750,VA,false,0.9922,0.9862
2466351440,IHA HEALTH SERVICES CORPORATION,636,MI,false,0.7304,0.7077
2466363395,CENTRACARE CLINIC,264,MN,false,1.0566,0.9778
2466364997,SOUTHEASTERN EMERGENCY PHYSICIANS LLC,468,TN,false,1.0619,0.7343
2466365820,MASSACHUSETTS GENERAL PHYSICIANS ORGANIZATION INC,1362,MA,false,0.8646,1.1387
2466524012,MEMORIAL HOSPITAL AT GULFPORT,198,MS,false,1.0719,1.0445
2466581772,INOVA PHYSICIAN PARTNERS LLC,197,VA,false,0.7219,0.2604
2466629522,NORTH OAKS MEDICAL CENTER LLC,108,LA,false,1.1067,0.9991
2466711536,USACS COMMUNITY EMERGENCY SERVICES OF COLORADO INC.,163,CO,false,0.6697,0.7592
2466788377,WAKEMED SPECIALISTS GROUP LLC,302,NC,false,0.9651,1.0117
2466831557,QUEENS UNIVERSITY MEDICAL GROUP,301,HI,false,1.0817,1.0812
2567356058,"FLORIDA CANCER SPECIALISTS AND RESEARCH INSTITUTE, LLC",240,FL,false,1.038,1.0553
2567359839,MASS GENERAL BRIGHAM MEDICAL GROUP WESTERN MASSACHUSETTS INC,111,MA,false,0.8892,1.0146
2567366016,HARTFORD HOSPITAL,197,CT,false,1.0226,1.3869
2567366495,"ST. JOHN PHYSICIANS, INC.",128,OK,false,0.9844,1.0577
2567372345,"DUKE UNIVERSITY HEALTH SYSTEM, INC",198,NC,false,0.504,0.6164
2567374036,ROCKFORD HEALTH PHYSICIANS,108,IL,false,1.1178,0.718
2567374283,THE DULUTH CLINIC LTD,292,MN,false,0.8042,0.7966
2567379563,CENTRAL MAINE MEDICAL CENTER,105,ME,false,1.0932,0.7512
2567455082,LIFESPAN PHYSICIAN GROUP INC,436,RI,false,0.8234,0.9243
2567623739,ONE MEDICAL GROUP INC,125,CA,false,1.0136,0.9549
2567872070,LEXINGTON HEALTH INC,403,SC,false,0.9853,0.9714
2668384371,THE MEDICAL COLLEGE OF WISCONSIN INC,742,WI,false,1.0808,1.084
2769380252,MVHS INC,111,NY,false,1.1417,1.225
2769381391,NORTH FLORIDA SURGEONS PA,152,FL,false,1.0255,1.1744
2769383785,"CENTRAL OHIO PRIMARY CARE PHYSICIANS, INC.",338,OH,false,1.0617,1.0364
2769387778,COVENANT MEDICAL CENTER INC,189,MI,false,1.116,1.1274
2769388412,"PROHEALTH PARTNERS, A MEDICAL GROUP",140,CA,false,1.2426,1.3306
2769394808,UNIVERSITY OF MARYLAND PHYSICIANS PA,198,MD,false,0.9584,1.0007
2769395896,EINSTEIN PRACTICE PLAN INC,292,PA,false,1.1354,1.125
2769396878,CHAMPLAIN VALLEY PHYSICIANS HOSPITAL MEDICAL CENTER,101,NY,false,0.7683,0.691
2769546530,MARY WASHINGTON HEALTHCARE PHYSICIANS,121,VA,false,1.1613,1.1935
2769563253,CORE PHYSICIANS LLC,122,NH,false,1.1123,1.0804
2769653757,"COMPREHAB, INC",172,NC,false,1.0267,1.1843
2769706431,OPTUMCARE COLORADO MEDICAL GROUP LLC,101,CO,false,1.0927,0.4981
2860301215,THE WEST TEXAS REHABILITATION CENTER,152,TX,false,1.024,1.0383
2860305463,COVENANT MEDICAL GROUP INC,173,TN,false,0.8265,0.7428
2860390408,"THE OREGON CLINIC, PC",205,OR,false,1.0678,1.0182
2860396330,"SUMMIT MEDICAL GROUP, PLLC",197,TN,false,1.1111,1.1017
2860396611,COOPER PHYSICIAN OFFICES PA,167,NJ,false,0.9638,0.6251
2860398088,COOK COUNTY,324,IL,false,0.9815,1.0363
2860398526,"TIDEWATER PHYSICIANS MULTISPECIALTY GROUP, PC",123,VA,false,1.1918,1.6676
2860411188,ST VINCENT'S AMBULATORY CARE INC,109,FL,false,1.0594,0.9334
2860447315,"LUMINIS HEALTH MEDICAL GROUP, LLC",193,MD,false,1.0607,1.1349
2860616877,"KENNEDY MEDICAL GROUP PRACTICE, P.C.",152,NJ,false,1.0548,0.7827
2860809936,NOVANT HEALTH MEDICAL GROUP COASTAL REGION LLC,199,NC,false,1.0161,0.9277
2961300611,MARTIN MEMORIAL MEDICAL CENTER INC,251,FL,false,1.0255,0.7788
2961303532,SUMMA PHYSICIANS LLC,326,OH,false,0.987,0.9505
2961310685,THE CHARLOTTE-MECKLENBURG HOSPITAL AUTHORITY,188,NC,false,0.9821,0.8773
2961315734,"UNIVERSITY PHYSICIANS AND SURGEONS, INC",196,WV,false,0.9832,0.8609
2961316328,REGIONAL WOMENS HEALTH GROUP LLC,189,NJ,false,1.123,0.977
2961483607,COGENT HEALTHCARE OF GEORGIA PC,123,GA,false,1.196,0.4351
2961492327,RIVERSIDE MEDICAL CLINIC INC,116,CA,false,1.2022,0.9812
2961547526,"NORTHEAST ARKANSAS CLINIC CHARITABLE FOUNDATION, INC.",110,AR,false,1.0815,1.1377
3072403476,"OPTUMCARE FLORIDA, LLC",171,FL,false,0.8842,0.4432
3072412592,EMERGENCY COVERAGE LLC,416,NC,false,0.9485,0.4977
3072417534,UNIVERSITY PRIMARY CARE PRACTICES INC,520,OH,false,1.0591,0.9798
3072421254,PHYSICIAN GROUPS LC,273,MO,false,1.0474,0.8404
3072422534,BLESSING HOSPITAL,129,IL,false,1.122,1.0078
3072422716,THE BOARD OF TRUSTEES OF THE UNIVERSITY OF ILLINOIS,515,IL,false,0.9042,1.0509
3072425123,LEHIGH VALLEY PHYSICIAN GROUP,963,PA,false,1.0423,0.9736
3072425297,SPARTANBURG MEDICAL CENTER,460,SC,false,1.1425,0.9197
3072425784,METRO INFECTIOUS DISEASE CONSULTANTS LLC,122,IL,false,0.9254,0.7987
3072426287,MUNSON MEDICAL CENTER,117,MI,false,1.0308,0.9525
3072426741,CHRISTUS TRINITY CLINIC,735,TX,false,0.9833,0.9232
3072507789,AUSTIN REGIONAL CLINIC PA,246,TX,false,0.9633,0.8944
3072790682,FRANCISCAN PHYSICIAN NETWORK,507,IN,false,1.0477,0.9497
3072875889,BEAUMONT MEDICAL GROUP HOSPITAL BASED SERVICES,182,MI,false,0.8071,0.9216
3173424082,HENRY FORD HEALTH ST. JOHN HOSPITAL,144,MI,false,0.9701,1.0042
3173436276,PROVIDENCE FACEY MEDICAL FOUNDATION,239,CA,false,1.1519,0.9539
3173436490,THE VANCOUVER CLINIC INC PS,285,WA,false,0.9318,0.6705
3173660776,WESTCHESTER MEDICAL CENTER ADVANCED PHYSICIAN SERVICES PC,343,NY,false,1.1176,1.0931
3173710936,KETTERING INDEPENDENT MEDICAL GROUP INC,304,OH,false,0.9866,1.0071
3173866241,HARTFORD HEALTHCARE MEDICAL GROUP SPECIALISTS PLLC,668,CT,false,1.1293,1.1662
3274430665,"PHYSICIANS FOR WOMEN'S HEALTH, LLC",197,CT,false,1.0981,0.9817
3274437736,ABINGTON MEMORIAL HOSPITAL,191,PA,false,1.1556,1.0283
3274445796,DEPARTMENT OF MEDICINE MEDICAL SERV GRP AT SUNY HLTH SCI CTR SYR IN,168,NY,false,0.6903,0.9972
3274580972,ADVENTIST HEALTH PHYSICIANS NETWORK,284,CA,false,1.1715,1.1983
3274782487,BANNER HOSPITAL BASED PHYSICIANS ARIZONA LLC,340,AZ,false,0.9662,0.4439
3274793633,CEPAMERICA ILLINOIS LLP,282,IL,false,0.8975,1.0887
3274795109,UNIVERSITY OF MIAMI,941,FL,false,0.9946,1.1159
3274801139,PRIVIA CARE CENTER LLC,115,MD,false,1.3526,1.5606
3274872064,HOAG CLINIC,248,CA,false,1.2124,1.237
3274908819,PORTLAND ADVENTIST MEDICAL CENTER,113,OR,false,0.9416,1.051
3274998067,"HOSPITAL MEDICINE SERVICES OF TX, PLLC",203,TX,false,1.0699,0.6639
3375441637,CHARLESTON AREA MEDICAL CENTER INC,384,WV,false,1.0048,1.0358
3375449655,CAROLINAS PHYSICIANS NETWORK INC,1023,NC,false,0.9893,0.8433
3375456619,REGENTS OF THE UNIV OF CA,668,CA,false,0.9604,1.1588
3375456734,UTMB FACULTY GROUP PRACTICE,437,TX,false,1.0456,1.0134
3375515661,PRATT MEDICAL GROUP INC,159,MA,false,1.0334,1.042
3375531379,"TEXAS DIGESTIVE DISEASE CONSULTANTS, PLLC",336,TX,false,1.0315,1.1826
3375610116,DEACONESS CLINIC INC,163,IN,false,1.0791,1.0705
3375625833,"AURORA ADVANCED HEALTHCARE, INC.",318,WI,false,0.7327,0.7858
3375645179,FAIRVIEW EXPRESS CARE,611,MN,false,1.0913,1.2837
3375701568,NORTH SHORE-LIJ MEDICAL PC,2640,NY,false,0.9177,0.9052
3375909351,"EMERGENCY MEDICINE SERVICES OF TX, PLLC",206,TX,false,0.8675,0.5552
3476446378,FAMILY HEALTH CENTERS OF SAN DIEGO INC,106,CA,false,1.1788,1.1583
3476457532,NEW LEXINGTON CLINIC PSC,163,KY,false,0.9691,0.9849
3476462334,NORTHWEST EMERGENCY PHYSICIANS LLC,179,WA,false,0.749,0.326
3476462359,SAINT ALPHONSUS REGIONAL MEDICAL CENTER INC,270,ID,false,1.0553,1.0055
3476464298,PHOENIX REHABILITATION AND HEALTH SERVICES INC,1007,PA,false,1.0412,1.1439
3476465188,PROHEALTH MEDICAL GROUP INC,175,WI,false,0.9141,0.8176
3476465667,UNIVERSITY PHYSICIANS INCORPORATED,1156,CO,false,0.9133,1.0804
3476559782,"EMORY SPECIALTY ASSOCIATES, LLC",157,GA,false,0.8475,0.6977
3476688318,HOSPITALIST MEDICINE PHYSICIANS OF TEXAS PLLC,401,TX,false,1.1394,0.5135
3476725599,UNIVERSITY OF LOUISVILLE PHYSICIANS INC,537,KY,false,1.0884,1.141
3476855420,SOUTHEASTERN HOSPITALIST SERVICES PC,132,SC,false,1.207,0.578
3476864448,INPATIENT SPECIALISTS OF CALIFORNIA PC,146,CA,false,1.3548,0.7661
3476894445,WHITE PLAINS PHYSICIAN SERVICES PC,219,NY,false,1.0904,0.9504
3476950296,MERCY HEALTH PHYSICIANS YOUNGSTOWN SPECIALTY CARE LLC,184,OH,false,1.065,0.9768
3577467018,ARIA HEALTH PHYSICIAN SERVICES,251,PA,false,1.2947,1.1114
3577467224,MASS GENERAL BRIGHAM MEDICAL GROUP NORTHERN MASSACHUSETTS INC,339,MA,false,0.7764,0.7452
3577470442,PHYSIOTHERAPY ASSOCIATES INC,617,GA,false,1.0466,1.1241
3577472422,NORTH BROWARD HOSPITAL DISTRICT,105,FL,false,1.0233,0.9692
3577473362,NORTHERN ARIZONA HEALTHCARE CORPORATION,176,AZ,false,0.9979,0.9714
3577475110,ROSWELL PARK CANCER INSTITUTE,132,NY,false,1.0322,1.3529
3577476258,CAROMONT MEDICAL GROUP INC,180,NC,false,0.9794,0.8249
3577476761,REGENTS OF THE UNIVERSITY OF CALIFORNIA,948,CA,false,1.0242,1.2573
3577476894,SAINT LUKES PHYSICIAN GROUP INC,517,MO,false,0.85,0.8964
3577515774,CARLE HEALTH CARE INCORPORATED,604,IL,false,0.9757,0.9946
3577857333,VALLEY PHYSICIAN SERVICES PC,234,NJ,false,1.0367,1.0048
3678464633,GALEN INPATIENT PHYSICIANS PC,635,CA,false,1.2781,0.55
3678466166,BROADLAWNS MEDICAL CENTER,104,IA,false,0.986,1.1472
3678469962,RECINTO DE CIENCIAS MEDICAS,197,PR,false,1.0848,1.3219
3678471976,SANSUM CLINIC,182,CA,false,1.0468,1.1211
3678472016,UNIVERSITY OF CONNECTICUT HEALTH CENTER,309,CT,false,0.8033,0.9304
3678472214,UNIVERSITY OF MARYLAND COMMUNITY MEDICAL GROUP INC,164,MD,false,1.165,0.9882
3678480290,"NOVACARE OUTPATIENT REHABILITATION EAST, INC.",110,PA,false,1.0814,1.1832
3678562188,"ADVOCARE, LLC",185,NJ,false,1.1156,1.0907
3678604840,LAKE AREA PHYSICAL THERAPY INC.,134,FL,false,1.0006,1.0796
3678632544,AUGUSTA MEDICAL GROUP,124,VA,false,0.9485,0.9489
3678677390,SOUTHERN ILLINOIS MEDICAL SERVICES NFP,112,IL,false,1.2531,1.0488
3678737012,COMMUNITY CARE NETWORK INC,163,IN,false,1.0428,1.1182
3678760063,FROEDTERT ANDTHE MEDICAL COLLEGE OF WISCONSIN COMMUNITY PHYSICIANS INC,310,WI,false,1.0462,0.8225
3678889789,OSF MULTI-SPECIALTY GROUP,794,IL,false,0.9573,0.9526
3779471701,FOREFRONT DERMATOLOGY SC,288,WI,false,1.0857,1.1778
3779488325,MARY IMOGENE BASSETT HOSPITAL,244,NY,false,0.8437,0.8166
3779488903,LOYOLA UNIVERSITY MEDICAL CENTER,423,IL,false,0.9229,0.9132
3779489588,"DUKE UNIVERSITY AFFILIATED PHYSICIANS, INC.",143,NC,false,0.579,0.1387
3779491071,UNIVERSITY OF VERMONT MEDICAL CENTER INC,532,VT,false,0.8771,1.0662
3779491386,SACRED HEART HEALTH SYSTEM INC,148,FL,false,0.9474,0.9078
3779494521,ALAMEDA HEALTH SYSTEM,281,CA,false,0.7806,0.8191
3779495858,"KAISER FOUNDATION HEALTH PLAN OF THE MID ATLANTIC STATES, INC",1368,MD,true,0.4384,0.2442
3779496021,MONTEFIORE MEDICAL CENTER,1007,NY,false,0.9586,0.9671
3779496856,REGENTS OF THE UNIVERSITY OF MICHIGAN,1376,MI,false,0.6325,0.8858
3779497870,UCSF MEDICAL GROUP BUSINESS SERVICES,433,CA,false,0.9746,1.1001
3779707856,"INTERMOUNTAIN MEDICAL GROUP GRAND JUNCTION, LLC",132,CO,false,1.0819,1.018
3779751656,CITY OF HOPE MEDICAL FOUNDATION,415,CA,false,1.1045,1.0868
3870020399,LIFESPAN PHYSICIAN GROUP OF MASSACHUSETTS INC,159,MA,false,1.3088,1.0294
3870404429,BRONXCARE HEALTH SYSTEM,214,NY,false,1.1573,0.8823
3870405483,THE MILTON S HERSHEY MEDICAL CENTER PHYSICIANS GROUP,555,PA,false,0.8871,1.0967
3870405988,BRIGHAM AND WOMENS PHYSICIANS ORGANIZATION INC,1106,MA,false,0.915,1.1135
3870668510,MERCY CLINIC FORT SMITH COMMUNITIES,169,AR,false,1.1199,1.0295
3870669419,CAPITAL DIGESTIVE CARE LLC,100,MD,false,1.0817,1.3657
3870696933,BAPTIST HEALTH MEDICAL GROUP PHYSICIANS LLC,306,FL,false,1.055,1.0974
3870741390,AGAPE PHYSICAL THERAPY AND SPORTS REHABILITATION LP,228,MD,false,1.0974,1.1222
3870767791,WESTERN NEW YORK MEDICAL PRACTICE PC,108,NY,false,0.9645,1.0064
3971407636,HEALTHEAST MEDICAL RESEARCH INSTITUTE,206,MN,false,1.2751,1.102
3971417825,PARAGON CONTRACTING SERVICES LLC,217,FL,false,0.9651,0.859
3971824939,IPC HEALTHCARE SERVICES OF TEXAS PLLC,108,TX,false,1.2715,0.3989
3971907759,MERCY HEALTH PHYSICIANS CINCINNATI SPECIALTY CARE LLC,160,OH,false,1.1023,1.098
4082503354,MEMORIAL SOLID TUMOR GROUP,133,NY,false,0.8435,0.976
4082513742,THE IOWA CLINIC PC,138,IA,false,1.149,0.9788
4082528898,"MEDICAL FACULTY ASSOCIATES, INC",282,DC,false,1.0282,0.9923
4082528955,UNIVERSITY OF ARKANSAS FOR MEDICAL SCIENCES,478,AR,false,0.8225,0.9645
4082807961,ADVANTAGE HEALTH/SAINT MARY'S MEDICAL GROUP,255,MI,false,0.768,0.8205
4082883673,"NEW YORK QUEENS MEDICINE AND SURGERY, P.C.",196,NY,false,1.0189,0.9425
4082902721,LSU HEALTH SCIENCES CENTER SHREVEPORT FACULTY GROUP PRACTICE,270,LA,false,1.1363,1.1321
4183511553,ST CLAIR MEDICAL SERVICES INC,110,PA,false,1.0529,1.0402
4183529340,PARTNERS PHYSICIAN GROUP,142,OH,false,0.8757,0.7023
4183535305,NEW YORK CITY HEALTH AND HOSPITALS CORPORATION,147,NY,false,0.7944,0.6295
4183537509,DARTMOUTH-HITCHCOCK CLINIC,567,NH,false,0.8261,1.0326
4183753965,VALLEY MEDICAL GROUP-RENTON,215,WA,false,0.9045,0.7422
4284532755,TALLAHASSEE ORTHOPEDIC CLINIC III PL,122,FL,false,1.0628,1.2477
4284538778,SUTTER BAY MEDICAL FOUNDATION,2131,CA,false,0.8959,0.8911
4284539891,UMASS MEMORIAL MEDICAL GROUP INC,1042,MA,false,0.9211,0.8772
4284547274,REGENTS OF THE UNIVERSITY OF CALIFORNIA,172,CA,false,0.5716,0.7835
4284547985,TANNER MEMORIAL CLINIC,113,UT,false,1.1984,1.6415
4284548116,EMERGENCY PHYSICIANS INTEGRATED CARE LLC,159,UT,false,1.331,0.4387
4284717422,"CONVIVA MEDICAL CENTER MANAGEMENT, LLC",318,FL,false,0.9433,0.4577
4284782210,"MOSES CONE PHYSICIAN SERVICES, INC",170,NC,false,1.1115,1.124
4284951542,PRIVIA MEDICAL GROUP OF GEORGIA LLC,202,GA,false,1.0881,1.2588
4385075480,MEMORIAL HERMANN HOSPITAL BASED PHYSICIAN GROUP,173,TX,false,0.8252,0.8843
4385535954,TEXAS HEALTH PHYSICIANS GROUP,662,TX,false,1.0912,1.0645
4385542117,MCV ASSOCIATED PHYSICIANS,678,VA,false,0.8845,0.99
4385549674,TEXAS TECH UNIVERSITY HEALTH SCIENCES CENTER LUBBOCK,142,TX,false,1.0413,1.0966
4385553627,MAYO CLINIC HEALTH SYSTEM-NORTHWEST WISCONSIN REGION INC,306,WI,false,0.8252,0.8751
4385556703,MAYO CLINIC HEALTH SYSTEM-SOUTHEAST MINNESOTA REGION,165,MN,false,0.7771,1.0238
4385682061,"PRIVIA MEDICAL GROUP, LLC",660,VA,false,1.2104,1.342
4385944230,UNIFIED WOMENS HEALTHCARE OF TEXAS PLLC,125,TX,false,1.0484,1.1873
4486540275,"MASSACHUSETTS EYE AND EAR ASSOCIATES, INC",179,MA,false,0.9961,1.2949
4486561164,MARY HITCHCOCK MEMORIAL HOSPITAL,260,NH,false,0.6662,0.87
4486564952,WAKE FOREST UNIVERSITY HEALTH SCIENCES,906,NC,false,0.9123,1.0008
4486567104,HARVARD MEDICAL FACULTY PHYS AT BETH ISRAEL DEACONESS MED CTR INC,780,MA,false,0.8657,1.0668
4486567229,UNIVERSITY OF CALIFORNIA SAN FRANCISCO,687,CA,false,0.7834,1.0861
4486646197,SJHMC PHYSICIAN SERVICES,301,AZ,false,1.1237,1.0297
4486711744,TMH PHYSICIAN ASSOCIATES PLLC,1078,TX,false,1.077,1.1156
4486759560,THE CURATORS OF THE UNIVERSITY OF MISSOURI,489,MO,false,0.9955,1.1581
4486915600,"ETMC PHYSICIAN GROUP, INC.",193,TX,false,1.0299,0.9906
4587559505,"SAN JUAN REGIONAL MEDICAL CENTER, INC.",102,NM,false,0.9541,0.904
4587568647,SPECTRUM HEALTH PRIMARY CARE PARTNERS,768,MI,false,1.0637,0.9626
4587573613,ALLINA HEALTH SYSTEM,1513,MN,false,0.9026,1.0129
4587576814,NORTHWESTERN MEDICAL FACULTY FOUNDATION,1814,IL,false,0.9255,0.9876
4587577028,NATIONAL JEWISH HEALTH,104,CO,false,1.1395,1.0903
4587660402,EAST JEFFERSON PHYSICIANS GROUP LLC,115,LA,false,1.0632,1.0661
4587849781,OUR LADY OF THE LAKE PHYSICIAN GROUP LLC,319,LA,false,1.0825,1.1173
4587947346,VILLAGEMD OF SOUTHEAST TEXAS PA,100,TX,false,1.1369,0.8315
4587963582,ACCLAIM PHYSICIAN GROUP INC,221,TX,false,0.9966,0.9934
4688098833,PHYSICIAN AFFILIATE GROUP OF NEW YORK PC,520,NY,false,1.1064,0.7806
4688583578,DENVER HEALTH AND HOSPITAL AUTHORITY,297,CO,false,0.8608,0.8824
4688585771,MAYO CLINIC HEALTH SYSTEM-SOUTHWEST MINNESOTA REGION,196,MN,false,1.0515,0.9573
4688586134,TENNESSEE ONCOLOGY PLLC,145,TN,false,1.0544,1.1102
4688587967,UVA COMMUNITY HEALTH MEDICAL GROUP LLC,111,VA,false,1.0352,0.9339
4688588866,CLINICAL CARE ASSOCIATES OF THE UNIVERSITY OF PENNSYLVANIA HEALTH.,227,PA,false,1.1588,0.6795
4688651037,HERITAGE MEDICAL ASSOCIATES PC,120,TN,false,1.0959,1.0188
4688855844,ST JOSEPHS MEDICAL PC,173,NY,false,1.1828,1.182
4688984164,BOZEMAN HEALTH DEACONESS HOSPITAL,147,MT,false,1.0367,0.9701
4688999022,PRIVIA MEDICAL GROUP GULF COAST PLLC,223,TX,false,1.0935,1.4084
4789098443,CHI HEALTH CLINIC SPECIALTY LLC,142,NE,false,1.1268,1.0059
4789588641,ATRIUS HEALTH INC,481,MA,false,0.7894,0.7322
4789597477,CAROLINAS MEDICAL CENTER,289,NC,false,1.0091,0.9642
4789597691,NUVANCE HEALTH MEDICAL PRACTICE CT INC,317,CT,false,1.0207,0.8361
4789606088,CENTRA MEDICAL GROUP LLC,238,VA,false,0.8572,0.8689
4789673393,CHESAPEAKE UROLOGY ASSOCIATES LLC,101,MD,false,1.0679,1.2524
4789682493,UNIVERSITY HOSPITALS MEDICAL GROUP INC,719,OH,false,1.1417,1.142
4789684861,HENNEPIN HEALTHCARE SYSTEM INC,375,MN,false,0.8879,1.0103
4880064070,MCCD FL PSYCHIATRY SERVICES PA,336,NY,false,0.8321,0.4387
4880504596,CENTRAL WASHINGTON HEALTH SERVICES ASSOCIATION,254,WA,false,0.8952,1.0056
4880505528,HENDRICKS COUNTY HOSPITAL,146,IN,false,1.0536,0.8919
4880506062,PHYSICIANS CLINIC INC,291,NE,false,1.0498,1.0897
4880582741,CAPITAL WOMENS CARE LLC,166,MD,false,1.2238,1.3534
4880590728,UNIVERSITY OF VIRGINIA PHYSICIANS GROUP,646,VA,false,0.7498,1.0554
4880593722,REGIONAL HEALTH SERVICES INC,190,PA,false,1.0314,0.8397
4880657386,WELLMED MEDICAL GROUP PA,261,TX,false,0.9674,0.4403
4880760107,UNIVERSITY PROFESSIONAL SERVICES,784,OR,false,0.906,1.1669
4880797570,INSPIRA HEALTH NETWORK MEDICAL GROUP PC,112,NJ,false,1.1164,1.2611
4981501814,EMORY MEDICAL CARE FOUNDATION INC,360,GA,false,0.7553,0.8507
4981687779,OPTUM MEDICAL GROUP II RHODES P C,131,NV,false,0.9898,0.4497
4981751617,LUTHERAN MEDICAL GROUP LLC,101,IN,false,1.0557,1.2242
4981795267,UNM MEDICAL GROUP INC,456,NM,false,0.9899,1.1542
4981878402,ST LUKES CLINIC-TREASURE VALLEY LLC,526,ID,false,0.9186,0.9196
4981986288,ABILITY HEALTH SERVICES AND REHABILITATION LP,503,FL,false,1.0414,1.0367
5092023416,VANDERBILT UNIVERSITY MEDICAL CENTER,1125,TN,false,0.822,0.9243
5092608448,RIVERSIDE PHYSICIAN SERVICES INC,396,VA,false,1.0646,0.9046
5092611731,MIDDLESEX HOSPITAL,117,CT,false,0.911,0.6408
5092614867,SARAH BUSH LINCOLN HEALTH CENTER,149,IL,false,1.111,1.2465
5092618462,EMERGENCY PHYSICIANS OF TIDEWATER,110,VA,false,0.3974,0.6012
5092624510,RCI (WRS) LLC,111,IN,false,1.0204,1.1411
5193239796,HOUSTON METHODIST SPECIALTY PHYSICIANS,102,TX,false,1.0363,1.1232
5193610228,"BAPTIST MEMORIAL MEDICAL GROUP, INC.",286,TN,false,1.0696,0.9094
5193610533,"UNITED HEALTH SERVICES HOSPITALS, INC.",143,NY,false,1.102,0.9402
5193620714,ACS PRIMARY CARE PHYSICIANS - SOUTHEAST PC,221,SC,false,0.9222,0.9174
5193706794,HATTIESBURG CLINIC PA,244,MS,false,1.0248,0.9391
5193764991,RUTGERS HEALTH-RWJ SCLERODERMA PROGRAM,209,NJ,false,0.9815,1.2131
5193874824,ROPER SAINT FRANCIS PHYSICIANS NETWORK,235,SC,false,1.0511,1.1342
5294644381,KALISPELL REGIONAL MEDICAL CENTER INC,182,MT,false,1.0238,1.1534
5294646378,"UNIVERSITY HEALTH SYSTEM, INC.",267,TN,false,1.1481,1.1591
5294885661,CAMDEN-CLARK PHYSICIAN CORPORATION,124,WV,false,1.0293,0.9271
5395642276,SUMMIT MEDICAL GROUP PA,643,NJ,false,0.8517,0.7814
5395649586,ALLEGHENY CLINIC,808,PA,false,1.1231,1.087
5395657001,GEISINGER CLINIC,1218,PA,false,0.8603,0.7582
5395658934,TEXAS ONCOLOGY PA,622,TX,false,1.0345,1.0573
5395807218,FLORIDA WOMAN CARE LLC,323,FL,false,1.056,1.0439
5395896849,SOUND INPATIENT PHYSICIANS-MICHIGAN PLLC,100,MI,false,0.8491,0.6549
5496641631,HIGHLAND HOSPITAL OF ROCHESTER,132,NY,false,0.4778,0.3408
5496651408,OSU INTERNAL MEDICINE LLC,601,OH,false,0.7426,0.9232
5496658874,RUSH UNIVERSITY MEDICAL GROUP,740,IL,false,0.9164,1.0219
5496659195,COTTON-O'NEIL CLINIC REVOCABLE TRUST,246,KS,false,0.8847,0.6633
5496667941,DUPAGE MEDICAL GROUP LTD,657,IL,false,1.1388,1.0188
5496668410,UNIVERSITY OF CALIFORNIA SFGH MEDICAL GROUP,214,CA,false,0.6655,0.9214
5496744864,BEEBE PHYSICIAN NETWORK INC.,134,DE,false,1.1131,1.0704
5496749848,WENTWORTH DOUGLASS PHYSICIAN CORPORATION,149,NH,false,0.9866,1.0086
5496940546,UNC PHYSICIANS NETWORK LLC,356,NC,false,0.9922,0.8995
5597275685,PRIME HEALTHCARE ILLINOIS MEDICAL GROUP LLC,170,IL,false,1.0154,0.951
5597651836,METROPOLITAN HOSPITAL,171,MI,false,0.9362,0.7954
5597664201,BAYVIEW PHYSICIAN SERVICES PC,163,VA,false,1.2083,1.2768
5597708594,PREMIER HEALTH SPECIALISTS INC,207,OH,false,1.0184,1.0111
5597725168,SANFORD HEALTH OF NORTHERN MINNESOTA,118,MN,false,1.0217,0.8578
5597755322,RELIANT MEDICAL GROUP INC,189,MA,false,0.8728,0.8691
5597774554,HOSPITAL PHYSICIAN SERVICES - SOUTHEAST PROFESSIONAL CORPORATION,425,GA,false,1.0609,0.5651
5597867184,BAPTIST HEALTH MEDICAL GROUP INC,972,KY,false,1.0659,1.0957
5698071173,MCHS HOSPITALS INC,444,WI,false,0.9898,0.9966
5698675510,EVMS ACADEMIC PHYSICIANS AND SURGEONS HEALTH SERVICES FOUNDATION,125,VA,false,1.016,1.1299
5698688141,24 ON PHYSICIANS PC,138,GA,false,1.1993,0.4034
5698689297,MAYO CLINIC JACKSONVILLE,576,FL,false,0.9134,1.0895
5698689909,"KENTUCKY MEDICAL SERVICES FOUNDATION, INC",640,KY,false,0.8351,0.9876
5698758803,ST VINCENT MEDICAL GROUP,106,AR,false,1.0852,0.8981
5698786226,CREEK NATION HOSPITAL AND CLINICS,135,OK,false,1.1119,0.9682
5799688230,KAISER FOUNDATION HEALTH PLAN OF THE NORTHWEST,1049,OR,true,0.5819,0.4566
5799689493,WHEELING HOSPITAL INC,118,WV,false,0.9931,0.9315
5799694675,ST VINCENT HOSPITAL-HOSPITAL SISTERS-THIRD ORDER OF ST FRANCIS,170,WI,false,1.1539,1.2893
5799698346,SWEDISHAMERICAN HOSPITAL,145,IL,false,1.0726,0.835
5799698742,CHEROKEE NATION,102,OK,false,0.8712,0.7679
5799699088,UNIVERSITY OF ROCHESTER,401,NY,false,0.5305,0.7172
5799785119,QUESTCARE HOSPITALISTS PLLC,188,TX,false,0.8955,0.2216
5799787784,LESTER E COX MEDICAL CENTERS,107,MO,false,0.8842,0.8239
5890604722,COLUMBIA ST MARYS HOSPITAL MILWAUKEE INC,142,WI,false,1.4903,1.0691
5890607253,CARILION HEALTHCARE CORPORATION,175,VA,false,0.7009,0.4787
5890688212,"TEXAS MEDICINE RESOURCES, LLP",213,TX,false,0.9748,0.905
5890689657,EISENHOWER MEDICAL CENTER,263,CA,false,1.0993,0.991
5890696231,CENTRAL DUPAGE PHYSICIAN GROUP,548,IL,false,0.8953,0.8586
5890703177,PRACTICE ASSOCIATES MEDICAL GROUP,828,NJ,false,1.1163,0.9541
5991008054,BANNER - UNIVERSITY PHYSICIAN SPECIALISTS LLC,129,AZ,false,1.1072,1.3214
5991097669,MPV NEW JERSEY MD SERVICES PC,103,NJ,false,1.0693,1.2629
5991099707,PRISMA HEALTH MEDICAL GROUP-MIDLANDS,488,SC,false,0.9788,1.01
5991105876,OU HEALTH PARTNERS INC,432,OK,false,0.9923,1.0112
5991600405,MOUNT SINAI COMMUNITY FOUNDATION,112,IL,false,1.2292,1.156
5991602971,BAYSTATE MEDICAL PRACTICES INC,574,MA,false,0.8968,0.762
5991603110,HONORHEALTH AMBULATORY,309,AZ,false,1.052,1.1523
5991609737,PROVIDENCE MEDICAL INSTITUTE,186,CA,false,1.0954,0.9569
5991618738,SOUTH SOUND INPATIENT PHYSICIANS PLLC,265,WA,false,1.2872,0.6106
6002701273,"MOREHOUSE HEALTHCARE, INC.",113,GA,false,1.0301,0.8744
6002728391,UNMC PHYSICIANS,584,NE,false,0.8852,0.9681
6002728656,GUTHRIE MEDICAL GROUP PC,286,PA,false,0.9909,1.0121
6002729175,SOUTHERN CALIFORNIA PERMANENTE MEDICAL GROUP,5964,CA,true,0.6566,0.4552
6002729506,MONUMENT HEALTH RAPID CITY HOSPITAL INC,210,SD,false,1.0539,1.1838
6002802220,PIEDMONT MEDICAL CARE CORPORATION,213,GA,false,1.1295,0.6904
6002812401,GEORGIALINA PHYSICAL THERAPY ASSOCIATES LLC,111,GA,false,1.0601,1.1643
6002814878,"ILLINOIS BONE AND JOINT INSTITUTE, LLC",142,IL,false,1.0481,1.1598
6002953916,SELF MEDICAL GROUP,170,SC,false,1.0654,1.0098
6002993516,BILLINGS CLINIC,308,MT,false,0.9293,1.0066
6103061189,"ST. PETER'S HEALTH PARTNERS MEDICAL ASSOCIATES, P.C.",184,NY,false,1.1487,1.1613
6103115183,EL CAMINO HEALTH MEDICAL NETWORK LLC,104,CA,false,1.1635,1.0187
6103721790,CONCORD HOSPITAL INC,200,NH,false,0.9416,0.8827
6103722509,WILMINGTON HEALTH PLLC,129,NC,false,1.087,1.0212
6103724778,TALLAHASSEE MEMORIAL HEALTHCARE INC,204,FL,false,1.1672,0.9092
6103725031,MOUNT AUBURN PROFESSIONAL SERVICES INC,107,MA,false,1.1467,1.1245
6103727920,ELLIOT PROFESSIONAL SERVICES,187,NH,false,1.0872,1.1375
6103737812,MERCY HOSPITAL,105,ME,false,1.0238,0.9443
6103738703,HENRY FORD HEALTH PROVIDENCE HOSPITAL,142,MI,false,1.053,1.0206
6103739131,CEP AMERICA - CALIFORNIA,925,CA,false,1.0408,0.8048
6103829338,GENESIS HEALTH SYSTEM,110,IA,false,1.1762,1.1274
6103968029,KINGS DAUGHTERS MEDICAL SPECIALTIES INC,150,KY,false,1.0369,0.965
6204002272,BANNER PHYSICIAN SPECIALISTS ARIZONA LLC,138,AZ,false,1.0225,0.9801
6204256084,"TEC EMERGENCY PHYSICIANS OF ARIZONA, LLC",126,AZ,false,0.9803,0.9103
6204730955,UNIVERSITY OF PENN - MEDICAL GROUP,1315,PA,false,0.9285,1.1128
6204737117,"EXCELA HEALTH PHYSICIAN PRACTICES, INC",172,PA,false,1.0191,0.7634
6204740731,LICKING MEMORIAL HEALTH PROFESSIONALS,112,OH,false,0.8314,0.883
6204744600,THE MOSES H CONE MEMORIAL HOSPITAL OPERATING CORPORATION,209,NC,false,1.1531,1.1035
6204748197,INDIANA UNIVERSITY HEALTH SOUTHERN INDIANA PHYSICIANS LLC,107,IN,false,0.9461,1.1277
6204829013,THE SOUTHEAST PERMANENTE MEDICAL GROUP,482,GA,true,0.5725,0.3431
6305160300,REGENTS UNIV OF CALIFORNIA UCSF,153,CA,false,1.1586,0.9859
6305739244,"EL RIO SANTA CRUZ NEIGHBORHOOD HEALTH CENTER, INC.",108,AZ,false,0.8002,0.645
6305748153,MERITAS HEALTH CORPORATION,169,MO,false,1.0538,1.0898
6305748799,UNIVERSITY HEALTHCARE ALLIANCE,209,CA,false,0.9045,0.8644
6305749987,ASSOCIATED PHYSICIANS OF HARVARD MEDICAL FACULTY PHYSICIANS AT BETH IS,128,MA,false,0.7035,0.8893
6305753120,PROACTIVE THERAPY OF NORTH CAROLINA INC,164,NC,false,0.9912,1.0684
6305758426,OHIOHEALTH CORPORATION,1040,OH,false,1.029,0.9777
6305758574,UNIVERSITY MEDICAL ASSOCIATES OF THE MEDICAL UNIVERSITY OF SOUTH CAROL,678,SC,false,0.942,1.0863
6305759754,STRAUB CLINIC AND HOSPITAL,229,HI,false,0.7942,0.8741
6406020155,BANNER PRIMARY CARE PHYSICIANS ARIZONA LLC,113,AZ,false,0.7476,0.5126
6406151703,"CENTURY INTEGRATED PARTNERS, INC",264,TX,false,1.1066,0.8536
6406198506,EAST POST ROAD MEDICAL SERVICES PC,111,NY,false,1.3968,0.7748
6406740273,SARATOGA HOSPITAL,148,NY,false,0.9366,1.107
6406752153,OPTUM CARE WASHINGTON PLLC,303,WA,false,0.7884,0.7053
6406752963,"WESTCHESTER MEDICAL GROUP, P.C",220,NY,false,0.875,0.4304
6406753623,"BAYCARE MEDICAL GROUP, INC.",697,FL,false,1.0937,1.0673
6406755651,"METHODIST ASSOCIATES IN HEALTHCARE, INC",137,PA,false,1.0621,0.8068
6406910769,REID PHYSICIAN ASSOCIATES INC,136,IN,false,1.0084,0.9753
6507260668,MUSC COMMUNITY PHYSICIANS,418,SC,false,1.0055,1.0246
6507776564,THE HOSPITAL OF CENTRAL CONNECTICUT AT NEW BRITAIN GENERAL AND BRADLEY,119,CT,false,1.2085,0.8009
6507778255,MAYO CLINIC,1978,MN,false,0.9215,0.9743
6507803806,THE GENERAL HOSPITAL CORPORATION,286,MA,false,0.6139,1.0232
6507846771,SUBURBAN/NRH MEDICAL REHABILITATION INC,339,MD,false,1.0521,1.0248
6608056171,CEP AMERICA LLC,725,IN,false,1.0556,0.7588
6608280268,COMMUNITY HEALTH PARTNERS,229,CA,false,1.1528,1.1459
6608775135,ST VINCENT HOSPITAL,140,NM,false,1.0505,0.9801
6608776299,SSM MEDICAL GROUP INC,281,MO,false,1.0037,0.8604
6608785464,UNIVERSITY OF WISCONSIN MEDICAL FOUNDATION INC,989,WI,false,0.7541,0.925
6608786306,PROVIDENCE HEALTH AND SERVICES MT,123,MT,false,0.9959,0.8922
6608789813,JOHN MUIR PHYSICIAN NETWORK,342,CA,false,1.0495,1.1086
6709065402,WELLSTAR MEDICAL GROUP LLC,1340,GA,false,1.1108,1.077
6709771157,SELECT PHYSICAL THERAPY OF WEST DENVER LIMITED PARTNERSHIP,134,CO,false,1.104,1.1026
6709772767,HEARTLAND REGIONAL MEDICAL CENTER,186,MO,false,1.0689,0.9945
6709780265,ALASKA NATIVE TRIBAL HEALTH CONSORTIUM,206,AK,false,0.9359,0.8943
6709782600,PROVIDENCE HEALTH AND SERVICES WASHINGTON,210,WA,false,0.9115,0.9219
6709790157,PIKEVILLE MEDICAL CENTER INC,142,KY,false,1.1346,1.0284
6709790892,MERCY HEALTH PHYSICIANS CINCINNATI LLC,102,OH,false,1.2401,0.7626
6709794258,"AURORA MEDICAL GROUP, INC.",1418,WI,false,0.8721,0.9466
6709797491,STANFORD HEALTH CARE,1324,CA,false,0.9027,1.2274
6709798325,INDEPENDENT EMERGENCY PHYSICIANS PC,124,MI,false,1.1806,2.0475
6709798333,ST LUKES PHYSICIAN GROUP INC,1005,PA,false,0.9664,0.8673
6709799166,EDWARD W SPARROW HOSPITAL ASSOCIATION,229,MI,false,1.196,1.123
6709897960,CAYUGA MEDICAL ASSOCIATES PC,109,NY,false,0.9285,1.2864
6800225178,ORTHONJ LLC,102,NJ,false,1.0366,1.1059
6800707100,SANFORD HEALTH NETWORK,103,SD,false,0.9817,0.9052
6800707233,BOULDER COMMUNITY HEALTH,101,CO,false,1.1741,0.9576
6800709023,WEILL MEDICAL COLLEGE OF CORNELL,867,NY,false,0.8486,1.1074
6800784083,FAIRVIEW HEIGHTS MEDICAL GROUP SC,211,IL,false,1.139,1.2229
6800787714,MEDICAL CARE OF BOSTON MANAGEMENT CORPORATION,165,MA,false,0.8766,0.6568
6800790221,UNIVERSITY MEDICAL SERVICE ASSOCIATION INC,352,FL,false,1.0004,1.2308
6800793522,PUBLIC HOSPITAL DIST NO 1 SKAGIT,146,WA,false,1.0005,0.9877
6901099746,STAMFORD HEALTH MEDICAL GROUP INC,191,CT,false,0.9771,0.7212
6901709435,"CENTRO DE SALUD DE LA COMUNIDAD DE SAN YSIDRO, INC.",181,CA,false,1.0675,0.8135
6901792696,CRYSTAL RUN HEALTHCARE PHYSICIANS LLP,210,NY,false,0.6988,0.5313
6901889393,COVENANT MEDICAL GROUP,108,TX,false,1.0125,1.0788
6901898386,NORTHEAST GEORGIA PHYSICIANS GROUP INC,380,GA,false,1.0431,0.9615
7012008360,MEMORIAL HERMANN MEDICAL GROUP,574,TX,false,1.0419,0.8882
7012047640,ST VINCENT MEDICAL GROUP INC,351,IN,false,0.975,0.7861
7012266836,"FLORIDA HOSPITAL HEALTHCARE PARTNERS, INC",217,FL,false,1.0554,0.9283
7012808827,OVERLAKE MEDICAL CLINICS LLC,195,WA,false,1.0802,0.9577
7012811284,COMMUNITY MEDICAL ASSOCIATES INC,620,KY,false,0.9505,0.924
7012818008,EINSTEIN COMMUNITY HEALTH ASSOCIATES INC,136,PA,false,1.2471,0.8473
7012819816,WAKE FOREST EMERGENCY PROVIDERS,281,NC,false,1.0052,0.4928
7012820301,"BUFFALO MEDICAL GROUP, P.C.",109,NY,false,1.0889,0.8872
7012826753,KEYSTONE REHABILITATION SYSTEMS INC,193,PA,false,1.063,1.0865
7012827983,DEAN HEALTH SYSTEMS INC,425,WI,false,0.7502,0.8159
7012829930,MAYO CLINIC ARIZONA,638,AZ,false,0.8836,0.9399
7012914898,"SAINTS MEDICAL GROUP, LLC",214,OK,false,0.9943,1.1378
7012989684,CAROLINA PHYSICAL THERAPY ASSOCIATES LLC,139,NC,false,1.0268,1.1728
7113029257,COASTAL MEDICAL ASSOCIATES,129,MA,false,0.9653,0.948
7113182809,PROMEDICA MULTI SPECIALTY PHYSICIANS,124,OH,false,1.1629,0.9969
7113340845,TIDALHEALTH SPECIALTY CARE LLC,128,MD,false,1.1958,1.2068
7113811795,MERITUS MEDICAL CENTER INC,182,MD,false,1.038,1.0447
7113822420,ALLERGY PARTNERS PLLC,104,NC,false,1.0332,1.114
7113830142,FAIRVIEW CLINICS,309,MN,false,0.6532,1.2244
7113834839,ST. LUKE'S HOSPITAL OF DULUTH,168,MN,false,0.9753,1.0359
7214076322,PLATINUM HOSPITALISTS LLP,135,NV,false,1.0983,0.4825
7214299866,BEAUMONT MEDICAL GROUP- SPECIALTY SERVICES,370,MI,false,1.0349,1.0998
7214827922,MERCY CLINIC EAST COMMUNITIES,309,MO,false,1.0945,0.7945
7214831114,"SOUTHWEST MEDICAL ASSOCIATES, LLC",132,NM,false,1.1736,1.0531
7214840867,TEXAS HEALTH CARE PLLC,200,TX,false,1.0328,1.2304
7214962117,CLS HEALTH PLLC,103,TX,false,1.0569,1.1205
7315019593,"BHS PHYSICIANS NETWORK, INC",305,TX,false,1.014,0.9974
7315086691,DISTRICT MEDICAL GROUP INC,174,AZ,false,1.1707,0.9153
7315166949,DLP CONEMAUGH PHYSICIAN PRACTICES LLC,119,PA,false,1.2873,1.2729
7315842002,HEALTHCARE PARTNERS AFFILIATES MEDICAL GROUP,496,CA,false,1.0499,0.7185
7315848140,ADVANCED DIAGNOSTIC IMAGING PC,205,TN,false,1.0591,1.15
7315934429,UNIVERSITY MEDICAL CENTER OF SOUTHERN NEVADA,149,NV,false,1.0053,0.9179
7416054622,INTERMOUNTAIN MEDICAL HOLDINGS NEVADA INC,162,NV,false,0.9915,0.7231
7416100672,"HEALTH FIRST MEDICAL GROUP, LLC",307,FL,false,1.0694,0.8855
7416244496,PROSPECT CT MEDICAL FOUNDATION INC,124,CT,false,1.2471,1.3926
7416253828,TAMPA GENERAL MEDICAL GROUP INC,133,FL,false,1.1059,1.0876
7416840160,BUTLER MEDICAL PROVIDERS,105,PA,false,1.1567,1.1423
7416851852,MCLEOD REGIONAL MEDICAL CENTER OF THE PEE DEE INC,177,SC,false,1.0576,1.0063
7416860440,MERCY HEALTH SYSTEM CORPORATION,282,WI,false,1.1874,0.8622
7416860663,ORTHOPAEDICS-INDIANAPOLIS INC,105,IN,false,1.0626,1.0119
7416861885,TRINITY HEALTH MID-ATLANTIC MEDICAL GROUP,161,PA,false,1.2035,1.2643
7416865845,MERCY CLINIC SPRINGFIELD COMMUNITIES,423,MO,false,0.9562,0.9217
7416869516,UC REGENTS,195,CA,false,1.119,1.4954
7416869896,LOS ANGELES COUNTY DEPARTMENT OF MENTAL HEALTH,103,CA,false,0.9857,1.1198
7416946546,EVANS MEDICAL FOUNDATION INC,332,MA,false,0.7181,0.9163
7517103955,OSU GENERAL INTERNAL MEDICINE LLC,149,OH,false,0.4204,0.6966
7517860588,MAINEHEALTH,1079,ME,false,0.8604,0.9201
7517863749,"STARLING PHYSICIANS, PLLC",129,CT,false,1.1552,1.0428
7517864754,TEXAS TECH UNIVERSITY HEALTH SCIENCES CENTER EL PASO,122,TX,false,0.8477,0.8425
7517868508,REVERE HEALTH PC,142,UT,false,1.1388,1.0754
7618237264,"USACS INTEGRATED ACUTE CARE SERVICES OF TEXAS, PLLC",198,TX,false,1.031,0.3215
7618264532,CAPITAL HEALTH MEDICAL GROUP,265,NJ,false,1.0718,0.8936
7618270729,RMH MEDICAL GROUP LLC,104,VA,false,0.8503,0.7139
7618880097,KING COUNTY PUBLIC HOSPITAL DISTRICT NO 2,252,WA,false,1.0058,1.0638
7618880667,HAWAII PERMANENTE MEDICAL GROUP INC,431,HI,true,0.6534,0.5153
7618884230,STATE UNIVERSITY OF IOWA,608,IA,false,0.8236,0.9743
7618889213,TOWER HEALTH MEDICAL GROUP,252,PA,false,1.0321,0.9099
7618955667,CHS PHYSICIAN PARTNERS PC,381,NY,false,1.1667,1.191
7618960493,PINNACLE HEALTH MEDICAL SERVICES,438,PA,false,0.9373,0.9769
7719040385,"GENESIS MEDICAL GROUP, LLC",109,OH,false,1.0649,1.0664
7719882943,"ST PAUL PLACE SPECIALISTS, INC.",103,MD,false,1.0775,1.0472
7719899319,"CHRISTIE CLINIC, PLLC",101,IL,false,1.119,1.1722
7719899426,UNIVERSITY OF CHICAGO,715,IL,false,0.9392,1.163
7719899871,BANNER-UNIVERSITY MEDICAL GROUP,461,AZ,false,0.9608,1.1122
7719899897,MULTICARE HEALTH SYSTEM,730,WA,false,1.1005,1.1344
7719979509,COMMUNITY MEDICINE ASSOCIATES,168,TX,false,1.0401,0.6725
7810117223,CONCORD MEDICAL GROUP OF TEXAS PLLC,210,TX,false,0.875,0.836
7810129640,"FLORIDA HOSPITAL MEDICINE SERVICES, LLC",149,FL,false,1.1949,0.7432
7810204831,ACCESS TELECARE PLLC,187,TX,false,1.0817,1.1255
7810291432,"CAREPOINT EMERGENCY MEDICINE, PLLC",108,CO,false,0.9723,1.181
7810800661,DIGNITY HEALTH MEDICAL FOUNDATION,702,CA,false,1.0066,0.92
7810800935,ADVOCATE HEALTH AND HOSPITALS CORPORATION,1346,IL,false,1.0038,0.8817
7810809076,NORTH IOWA MERCY CLINICS,110,IA,false,1.059,1.0806
7911003330,HACKENSACK MERIDIAN HEALTH MEDICAL GROUP - PRIMARY CARE PC,225,NJ,false,1.0997,1.0357
7911801410,PHYSICIANS REFERRAL SERVICE,769,TX,false,0.9514,1.141
7911802079,ARKANSAS HEALTH GROUP,240,AR,false,1.0875,1.0854
7911807128,CLEVELAND CLINIC FLORIDA,330,FL,false,1.0808,0.9086
7911810171,COUNTY OF VENTURA,199,CA,false,1.1675,1.0999
7911810882,MERCY CLINICS INC,190,IA,false,1.0871,1.2175
7911819180,JEFFERSON UNIVERSITY PHYSICIANS,609,PA,false,1.0375,1.1994
7911819438,PARK NICOLLET CLINIC,725,MN,false,0.6977,0.7086
8022243971,BAYLOR COLLEGE OF MEDICINE,535,TX,false,0.9814,1.1077
8022440056,BON SECOURS MEDICAL GROUP RICHMOND SPECIALTY CARE LLC,145,VA,false,1.1122,1.1562
8022904473,COMMUNITY CARE PHYSICIANS PLLC,129,NY,false,1.0967,0.9066
8022905322,REHABILITATION ASSOCIATES INC,169,CT,false,1.0791,1.1317
8022914522,"EMERGENCY MEDICINE ASSOCIATES P.A., P.C.",394,VA,false,1.1628,0.5271
8022919570,"MEMORIAL HEALTH PARTNERS FOUNDATION, INC",145,TN,false,1.1254,1.2927
8022922475,REGENTS OF THE UNIVERSITY OF CALIFORNIA,176,CA,false,0.694,0.5113
8022927342,CATHOLIC HEALTH INITIATIVES COLORADO,531,CO,false,1.1277,0.9769
8123188117,"EMERSON PRACTICE ASSOCIATES, INC",104,MA,false,1.3193,0.9096
8123260981,CENTERS FOR ADVANCED ORTHOPAEDICS LLC,133,MD,false,1.0452,1.0029
8123291739,WELLMONT MEDICAL ASSOCIATES INC,156,TN,false,1.1378,0.9994
8123912136,AKDHC LLC,100,AZ,false,1.0191,1.0655
8123923604,SCOTT AND WHITE CLINIC,1088,TX,false,0.9504,0.7447
8123927373,SOUTH BROWARD HOSPITAL DISTRICT,273,FL,false,0.9461,1.002
8123938115,HENDERSON COUNTY HOSPITAL CORPORATION,104,NC,false,1.0721,0.9474
8224031307,MCLEOD PHYSICIAN ASSOCIATES II,157,SC,false,1.0487,1.1708
8224068424,BERKSHIRE FACULTY SERVICES INC,116,MA,false,0.9988,0.88
8224282926,ICAHN SCHOOL OF MEDICINE AT MOUNT SINAI,137,NY,false,0.865,0.8429
8224928965,MARIETTA MEMORIAL HOSPITAL,153,OH,false,1.2193,1.0957
8224933619,OCHSNER CLINIC LLC,1080,LA,false,1.01,0.9024
8224935754,HOLSTON MEDICAL GROUP PC,103,TN,false,1.0739,1.0092
8224941265,BAYLOR COLLEGE OF MEDICINE,282,TX,false,0.8088,0.7954
8325100480,PROVIDENCE HEALTH AND SERVICES- WASHINGTON,230,WA,false,0.8494,1.1401
8325412737,DUKE HEALTH INTEGRATED PRACTICE INC,1171,NC,false,0.8851,1.0862
8325942253,FREEMAN-OAK HILL HEALTH SYSTEM,163,MO,false,0.9883,0.9093
8325943707,"JOHNS HOPKINS COMMUNITY PHYSICIANS, INC",347,MD,false,0.773,0.5904
8325950215,SANFORD MEDICAL CENTER,270,SD,false,1.0762,1.1093
8325950983,PRISMA HEALTH UNIVERSITY MEDICAL GROUP,947,SC,false,1.0293,0.982
8325952773,CENTRAL CALIFORNIA FACULTY MEDICAL GROUP INC,131,CA,false,1.006,1.0625
8325952914,LAKELAND REGIONAL HEALTH SYSTEMS INC,223,FL,false,0.971,0.9768
8426076670,"HEALTH CARE AUTHORITY FOR BAPTIST HEALTH, AN AFFILIATE OF UABHS",104,AL,false,1.0288,1.128
8426112350,PHOEBE PHYSICIAN GROUP INC,179,GA,false,1.1008,0.9317
8426136797,MOUNT NITTANY MEDICAL CENTER HEALTH SERVICES INC,112,PA,false,1.14,0.8989
8426231119,VIRGINIA HOSPITAL CENTER PHYSICIAN GROUP LLC,151,VA,false,1.1985,0.9191
8426413931,EMERGENCY MEDICINE SERVICES OF FL LLC,424,FL,false,1.0006,0.7374
8426951328,PIH HEALTH PHYSICIANS,320,CA,false,1.1259,0.9681
8426955733,CHILDREN'S HOSPITAL MEDICAL CENTER,124,OH,false,0.928,1.1016
8426960360,UT PHYSICIANS,724,TX,false,1.0264,1.0517
8426967803,SANFORD MEDICAL CENTER FARGO,408,ND,false,1.0126,1.0884
8527953660,ATLANTICARE PHYSICIAN GROUP PA,187,NJ,false,1.0568,0.9855
8527960533,TJH MEDICAL SERVICES PC,111,NY,false,1.0701,1.1088
8527972546,TRUSTEES OF COLUMBIA UNIVERSITY IN THE CITY OF NEW YORK,1064,NY,false,0.9799,1.165
8527972900,PROLIANCE SURGEONS INC P S,142,WA,false,1.0812,1.0253
8628087681,UNIVERSITY PHYSICIAN GROUP,205,MI,false,1.0989,1.2411
8628153087,PARAGON EMERGENCY SERVICES LLC,217,FL,false,0.8905,0.5457
8628253424,NORTHSIDE SURGICAL PROFESSIONAL SERVICES LLC,159,GA,false,1.0607,1.1145
8628327384,ECS WESTERN MICHIGAN PC,149,MI,false,1.3618,1.5377
8628972759,SHARP REES-STEALY MEDICAL GROUP INC,488,CA,false,1.0251,1.0555
8628980943,ASCENSION MEDICAL GROUP-SOUTHEAST WISCONSIN INC,260,WI,false,1.276,1.119
8628982949,THE METROHEALTH SYSTEM,427,OH,false,0.6593,0.8199
8628986668,SALEM HEALTH,168,OR,false,0.8838,0.9922
8729111513,ST CHARLES HEALTH SYSTEM INC,141,OR,false,1.1153,1.0396
8729277314,MEMORIALCARE MEDICAL FOUNDATION,315,CA,false,1.2127,0.9171
8729351077,PENN STATE HEALTH MEDICAL GROUP LLC,248,PA,false,0.856,0.8581
8729983416,UNIVERSITY OF TOLEDO PHYSICIANS LLC,170,OH,false,1.0027,1.1237
8729990239,UNIVERSITY OF PITTSBURGH PHYSICIANS,1445,PA,false,0.9031,0.9791
8729992318,IOWA PHYSICIANS CLINIC MEDICAL FOUNDATION,518,IA,false,0.912,0.9261
8820178288,PEACEHEALTH,108,WA,false,0.9962,0.8458
8820900293,WARREN CLINIC INC,414,OK,false,1.0508,1.0584
8820900749,BELLIN MEMORIAL HOSPITAL INC,170,WI,false,1.2424,1.0933
8820901408,THE EMORY CLINIC INC,1390,GA,false,0.8344,1.0102
8820995434,WASHINGTON REGIONAL MEDICAL SYSTEM,121,AR,false,0.9459,0.9569
8921091786,VITALMD GROUP HOLDING LLC,390,FL,false,1.0813,1.3049
8921273038,BANNER HEALTH PHYSICIANS COLORADO LLC,109,CO,false,1.0022,1.0598
8921900044,RHODE ISLAND HOSPITAL,126,RI,false,0.863,1.0349
8921903147,JOHNS HOPKINS UNIVERSITY,1138,MD,false,0.8698,1.1103
8921903923,SENTARA MEDICAL GROUP,606,VA,false,0.9321,0.784
8921910225,PERMANENTE MEDICAL GROUP INC,6057,CA,true,0.5488,0.3627
8921910894,CAMBRIDGE PUBLIC HEALTH COMMISSION,301,MA,false,0.7074,0.6807
8921911587,KANSAS UNIVERSITY PHYSICIANS INC,767,KS,false,0.9507,1.0427
8921993205,PROVIDENCE MEDICAL FOUNDATION,836,CA,false,1.1759,1.0084
8921999087,NORTH SHORE MEDICAL GROUP OF THE MOUNT SINAI SCHOOL OF MEDICINE,189,NY,false,0.9826,0.747
9032020490,"SELECT REHABILITATION, LLC",863,WA,false,1.0629,1.0143
9032021431,"DEACONESS HOSPITAL, INC.",164,IN,false,1.1733,0.727
9032022579,KAISER FOUNDATION HEALTH PLAN OF WASHINGTON,796,WA,true,0.6785,0.5368
9032023171,COUNTY OF SAN MATEO,130,CA,false,0.7118,0.7378
9032111281,BASS MEDICAL GROUP,210,CA,false,1.1629,1.3372
9032359534,EXER MEDICAL CORPORATION,100,CA,false,1.1735,1.1789
9032527221,USACS INTEGRATED ACUTE CARE SERVICES OF OHIO LLC,124,OH,false,1.28,0.7199
9133019821,STONY BROOK INTERNISTS UNIVERSITY FACULTY PRACTICE CORPORATION,260,NY,false,0.9329,0.9056
9133025869,"UNIVERSITY OF FLORIDA JACKSONVILLE PHYSICIANS, INC.",325,FL,false,0.9465,0.8822
9133032519,HACKENSACK MERIDIAN HEALTH MEDICAL GROUP - SPECIALTY CARE PC,890,NJ,false,1.0511,1.1986
9133038904,"DANA-FARBER CANCER INSTITUTE, INC.",292,MA,false,1.0147,1.0871
9133213192,BAYLOR ST. LUKE'S MEDICAL GROUP,116,TX,false,1.0187,0.8917
9234031444,WOMENS CARE FLORIDA LLC,182,FL,false,1.071,0.8309
9234033853,SCRIPPS HEALTH,717,CA,false,1.2346,1.2774
9234041708,PRESBYTERIAN HEALTHCARE SERVICES,651,NM,false,1.0035,0.9687
9234041997,RIDGEVIEW MEDICAL CENTER,107,MN,false,0.9184,0.8248
9234130329,INDIAN RIVER HEALTH SERVICES INC,114,FL,false,0.8607,0.8959
9234596743,"HOSPITAL MEDICINE SERVICES OF FL, LLC",299,FL,false,1.0163,0.755
9335042886,HEALTHPOINT,108,WA,false,0.4931,0.6806
9335059856,"ASPIRUS RHINELANDER AND TOMAHAWK HOSPITALS AND CLINICS, INC.",141,WI,false,1.2174,1.2938
9335138817,CENTRAL VERMONT MEDICAL CENTER INC,110,VT,false,0.9773,0.6475
9335379379,BELLE CHASSE PHYSICIAN SERVICES LLC,122,LA,false,0.8549,0.9965
9335672146,LEE HEALTH SYSTEM INC,620,FL,false,0.9524,0.8584
9436060969,THE UNITY HOSPITAL OF ROCHESTER,181,NY,false,0.8965,0.8095
9436061736,YALE UNIVERSITY,1036,CT,false,0.9071,1.0718
9436062296,HOUSTON COUNTY HEALTHCARE AUTHORITY,122,AL,false,1.137,0.9281
9436122496,AHS OKLAHOMA PHYSICIAN GROUP LLC,169,OK,false,1.0887,1.0027
9436139565,NCHMD INC,139,FL,false,0.9817,0.9571
9436140456,FOUNDATION MEDICAL PARTNERS INC,125,NH,false,1.2421,1.1953
9436157831,EASTSIDE HOSPITALISTS INC,128,FL,false,1.2586,0.3425
9436336120,PHYSICIAN PRACTICES OF MSMC LLC,102,FL,false,1.1076,1.0024
9537059084,ORLANDO HEALTH MEDICAL GROUP INC,824,FL,false,1.0374,1.0499
9537066584,MVHE INC,225,OH,false,0.9158,0.5941
9537071790,FORSYTH MEMORIAL HOSPITAL INC,116,NC,false,0.9481,0.7714
9537072657,EMERGENCY PHYSICIANS PROFESSIONAL ASSOCIATION,193,MN,false,1.0486,0.6882
9537072814,SWEDISH HEALTH SERVICES,139,WA,false,0.8403,0.468
9537073960,PEACEHEALTH,124,WA,false,1.0297,1.1062
9537076401,SELECT PHYSICAL THERAPY HOLDINGS INC,813,TN,false,1.0348,1.1021
9537108279,EMERGENCY AND ACUTE CARE MEDICAL CORPORATION,248,CA,false,1.2119,1.2901
9537119037,SHAWNEE MISSION MEDICAL CENTER INC,120,KS,false,1.0415,1.0133
9537155676,COMMUNITY MEMORIAL HEALTH SYSTEM,105,CA,false,1.3283,1.161
9537213079,GENERAL PHYSICIAN PC,185,NY,false,1.1968,1.2897
9537316393,THS PHYSICIAN PARTNERS INC,111,WV,false,1.1057,1.1616
9537316955,BARNABAS HEALTH MEDICAL GROUP PC,437,NJ,false,1.0722,1.1578
9537468574,MISSION HEALTH COMMUNITY MULTISPECIALTY PROVIDERS LLC,152,NC,false,1.0444,0.9069
9638072184,ST VINCENT PHYSICIAN SERVICES HOSPITAL AND HEALTH CARE CENTER,102,IN,false,0.8045,0.6976
9638073380,MONONGALIA COUNTY GENERAL HOSPITAL COMPANY,113,WV,false,1.1218,1.0264
9638208549,POUDRE VALLEY MEDICAL GROUP LLC,908,CO,false,0.9995,0.9307
9638215734,BAPTIST MEDICAL GROUP LLC,118,FL,false,1.079,0.8947
9638343924,"NORTHSIDE PRIMARY CARE PROFESSIONAL SERVICES,LLC",149,GA,false,1.098,1.267
9638457013,TMC MEDICAL NETWORK,126,AZ,false,1.0921,0.986
9638491574,SCL HEALTH MEDICAL GROUP - BILLINGS LLC,105,MT,false,1.0609,1.1824
9638617913,IU HEALTH MEDICAL GROUP LLC,1579,IN,false,0.9105,1.0055
9739091364,PACIFIC CENTRAL COAST HEALTH CENTERS,136,CA,false,1.1766,1.1695
9739092388,ENLOE MEDICAL CENTER,135,CA,false,1.0206,1.0405
9739093527,"KELSEY-SEYBOLD MEDICAL GROUP, PLLC",566,TX,false,0.8474,0.6173
9739097569,CHRISTIANA CARE HEALTH SERVICES INC,649,DE,false,0.8952,0.8601
9739098575,SANFORD BISMARCK,213,ND,false,1.2389,1.051
9739098617,KADLEC REGIONAL MEDICAL CENTER,160,WA,false,1.2621,1.0091
9739260019,AMERICAN CURRENT CARE PA,180,TX,false,0.8362,0.5234
9830002617,VIRGINIA MASON MEDICAL CENTER,353,WA,false,0.9065,1.0468
9830003417,UNIVERSITY PHYSICIAN ASSOCIATES OF NEW JERSEY INC,205,NJ,false,0.8547,1.2557
9830008770,WASHINGTON UNIVERSITY,1190,MO,false,0.9539,1.1051
9830082825,PIEDMONT PROVIDERS LLC,279,GA,false,1.0765,1.1344
9830082882,GENESISCARE USA OF FLORIDA LLC,108,FL,false,1.0408,1.0602
9830084540,"MEDICAL CLINIC OF NORTH TEXAS, PLLC",102,TX,false,0.9354,0.259
9830093640,COOPERATIVE HEALTHCARE SERVICES INC,112,GA,false,1.0633,1.0191
9830094515,SUTTER VALLEY MEDICAL FOUNDATION,1292,CA,false,0.9643,0.9109
9830096585,CARILION MEDICAL CENTER,433,VA,false,0.8471,0.8351
9830133123,"BMC AFFILIATED PHYSICIANS, INC.",179,MA,false,1.3455,1.2322
9830222397,"VIRTUA MEDICAL GROUP, PA",767,NJ,false,1.0283,0.9398
9830244433,MILLENNIUM PHYSICIAN GROUP LLC,381,FL,false,1.0459,1.1686
9931001567,MEDHEALTH,256,TX,false,1.0998,1.0001
9931002078,WAKE EMERGENCY PHYSICIANS PA,135,NC,false,0.9197,0.6499
9931007929,SAINT FRANCIS MEDICAL CENTER,154,MO,false,1.1099,0.9892
9931010600,"NORTH MISSISSIPPI MEDICAL CENTER, INC.",107,MS,false,1.0935,1.1785
9931011434,PATIENT FIRST RICHMOND MEDICAL GROUP PLLC,155,VA,false,0.7498,0.6184
9931013240,OPTUM MEDICAL CARE PC,533,NY,false,0.9255,0.8647
9931298155,INNOVIS HEALTH LLC,158,ND,false,0.9025,1.0197
9931378171,INTERFAITH PROFESSIONAL PHYSICIAN SERVICES PC,178,NY,false,1.1956,1.173
9931436912,USA HEALTH PHYSICIAN BILLING SERVICES LLC,147,AL,false,1.0912,1.2483
9931529062,ORTHOLONESTAR PLLC,145,TX,false,1.0305,0.9843
